age_group,totalpositive,date,case_percent,deaths,deaths_percent,ca_percent
0-17,120,02/04/2020,,,,
18-49,5302,02/04/2020,,,,
50-64,2879,02/04/2020,,,,
65 and Older,2342,02/04/2020,,,,
Unknown,58,02/04/2020,,,,
0-17,137,03/04/2020,,,,
18-49,5917,03/04/2020,,,,
50-64,3253,03/04/2020,,,,
65 and Older,2660,03/04/2020,,,,
Unknown,59,03/04/2020,,,,
0-17,160,04/04/2020,,,,
18-49,6610,04/04/2020,,,,
50-64,3653,04/04/2020,,,,
65 and Older,2966,04/04/2020,,,,
Unknown,49,04/04/2020,,,,
0-17,173,05/04/2020,,,,
18-49,7099,05/04/2020,,,,
50-64,3884,05/04/2020,,,,
65 and Older,3129,05/04/2020,,,,
Unknown,51,05/04/2020,,,,
0-17,197,06/04/2020,,,,
18-49,7753,06/04/2020,,,,
50-64,4344,06/04/2020,,,,
65 and Older,3516,06/04/2020,,,,
Unknown,55,06/04/2020,,,,
0-17,222,07/04/2020,,,,
18-49,8289,07/04/2020,,,,
50-64,4639,07/04/2020,,,,
65 and Older,3751,07/04/2020,,,,
Unknown,56,07/04/2020,,,,
0-17,252,08/04/2020,,,,
18-49,8939,08/04/2020,,,,
50-64,5003,08/04/2020,,,,
65 and Older,4056,08/04/2020,,,,
Unknown,59,08/04/2020,,,,
0-17,269,09/04/2020,,,,
18-49,9469,09/04/2020,,,,
50-64,5347,09/04/2020,,,,
65 and Older,4335,09/04/2020,,,,
Unknown,52,09/04/2020,,,,
0-17,303,10/04/2020,,,,
18-49,10069,10/04/2020,,,,
50-64,5633,10/04/2020,,,,
65 and Older,4561,10/04/2020,,,,
Unknown,49,10/04/2020,,,,
0-17,330,11/04/2020,,,,
18-49,10599,11/04/2020,,,,
50-64,5941,11/04/2020,,,,
65 and Older,4870,11/04/2020,,,,
Unknown,54,11/04/2020,,,,
0-17,337,12/04/2020,,,,
18-49,10838,12/04/2020,,,,
50-64,6079,12/04/2020,,,,
65 and Older,5036,12/04/2020,,,,
Unknown,58,12/04/2020,,,,
0-17,362,13/04/2020,,,,
18-49,11246,13/04/2020,,,,
50-64,6348,13/04/2020,,,,
65 and Older,5320,13/04/2020,,,,
Unknown,62,13/04/2020,,,,
0-17,385,14/04/2020,,,,
18-49,11721,14/04/2020,,,,
50-64,6644,14/04/2020,,,,
65 and Older,5605,14/04/2020,,,,
Unknown,69,14/04/2020,,,,
0-17,432,15/04/2020,,,,
18-49,12479,15/04/2020,,,,
50-64,7141,15/04/2020,,,,
65 and Older,6051,15/04/2020,,,,
Unknown,79,15/04/2020,,,,
0-17,472,16/04/2020,,,,
18-49,13144,16/04/2020,,,,
50-64,7488,16/04/2020,,,,
65 and Older,6360,16/04/2020,,,,
Unknown,64,16/04/2020,,,,
0-17,507,17/04/2020,,,,
18-49,13798,17/04/2020,,,,
50-64,7862,17/04/2020,,,,
65 and Older,6729,17/04/2020,,,,
Unknown,67,17/04/2020,,,,
0-17,550,18/04/2020,,,,
18-49,14408,18/04/2020,,,,
50-64,8232,18/04/2020,,,,
65 and Older,7071,18/04/2020,,,,
Unknown,72,18/04/2020,,,,
0-17,573,19/04/2020,,,,
18-49,14690,19/04/2020,,,,
50-64,8385,19/04/2020,,,,
65 and Older,7267,19/04/2020,,,,
Unknown,63,19/04/2020,,,,
0-17,683,20/04/2020,,,,
18-49,15901,20/04/2020,,,,
50-64,8961,20/04/2020,,,,
65 and Older,7650,20/04/2020,,,,
Unknown,66,20/04/2020,,,,
0-17,768,21/04/2020,,,,
18-49,17009,21/04/2020,,,,
50-64,9517,21/04/2020,,,,
65 and Older,8035,21/04/2020,,,,
Unknown,67,21/04/2020,,,,
0-17,855,22/04/2020,2.29,0,0,22.49
18-49,18004,22/04/2020,48.18,99,7.09,43.52
50-64,10025,22/04/2020,26.83,223,15.97,18.42
65 and Older,8401,22/04/2020,22.48,1074,76.93,15.57
Unknown,84,22/04/2020,0.22,0,0,
0-17,936,23/04/2020,2.38,0,0,22.49
18-49,18954,23/04/2020,48.29,107,7.19,43.52
50-64,10451,23/04/2020,26.62,234,15.71,18.42
65 and Older,8832,23/04/2020,22.5,1148,77.1,15.57
Unknown,81,23/04/2020,0.21,0,0,
0-17,1011,24/04/2020,2.46,0,0,22.49
18-49,19897,24/04/2020,48.37,112,7.12,43.52
50-64,10885,24/04/2020,26.46,246,15.64,18.42
65 and Older,9256,24/04/2020,22.5,1215,77.24,15.57
Unknown,88,24/04/2020,0.21,0,0,
0-17,1039,25/04/2020,2.46,0,0,22.49
18-49,20379,25/04/2020,48.33,117,7.1,43.52
50-64,11139,25/04/2020,26.42,254,15.42,18.42
65 and Older,9512,25/04/2020,22.56,1276,77.47,15.57
Unknown,95,25/04/2020,0.23,0,0,
0-17,1085,26/04/2020,2.5,0,0,22.49
18-49,21028,26/04/2020,48.38,119,7.1,43.52
50-64,11442,26/04/2020,26.33,258,15.39,18.42
65 and Older,9824,26/04/2020,22.6,1299,77.51,15.57
Unknown,85,26/04/2020,0.2,0,0,
0-17,1190,27/04/2020,2.64,0,0,22.49
18-49,21888,27/04/2020,48.61,120,6.97,43.52
50-64,11781,27/04/2020,26.16,265,15.4,18.42
65 and Older,10086,27/04/2020,22.4,1336,77.63,15.57
Unknown,86,27/04/2020,0.19,0,0,
0-17,1263,28/04/2020,2.72,0,0,22.49
18-49,22596,28/04/2020,48.59,126,6.97,43.52
50-64,12153,28/04/2020,26.14,284,15.7,18.42
65+,10413,28/04/2020,22.39,1399,77.34,15.57
Unknown,75,28/04/2020,0.16,0,0,
0-17,1398,29/04/2020,2.86,0,0,22.49
18-49,23836,29/04/2020,48.73,131,6.93,43.52
50-64,12705,29/04/2020,25.97,292,15.45,18.42
65+,10906,29/04/2020,22.29,1467,77.62,15.57
Unknown,72,29/04/2020,0.15,0,0,
0-17,1449,30/04/2020,2.9,0,0,22.49
18-49,24613,30/04/2020,48.8,137,6.9,43.52
50-64,13044,30/04/2020,25.9,308,15.5,18.42
65+,11256,30/04/2020,22.3,1543,77.6,15.57
Unknown,80,30/04/2020,0.2,0,0,
0-17,1566,01/05/2020,3,0,0,22.49
18-49,25548,01/05/2020,48.95,139,6.67,43.52
50-64,13454,01/05/2020,25.78,322,15.46,18.42
65+,11547,01/05/2020,22.12,1622,77.87,15.57
Unknown,82,01/05/2020,0.16,0,0,
0-17,1640,02/05/2020,3.1,0,0,22.5
18-49,26256,02/05/2020,49,139,6.5,43.5
50-64,13773,02/05/2020,25.7,331,15.5,18.4
65+,11860,02/05/2020,22.1,1668,78,15.6
Unknown,87,02/05/2020,0.2,0,0,0
0-17,1715,03/05/2020,3.12,0,0,22.5
18-49,26956,03/05/2020,49.07,139,6.38,43.5
50-64,14078,03/05/2020,25.63,335,15.38,18.4
65+,12098,03/05/2020,22.02,1704,78.24,15.6
Unknown,90,03/05/2020,0.16,0,0,0
0-17,1773,04/05/2020,3.2,0,0,22.5
18-49,27556,04/05/2020,49,141,6.3,43.5
50-64,14366,04/05/2020,25.6,342,15.4,18.4
65+,12425,04/05/2020,22.1,1738,78.3,15.6
Unknown,92,04/05/2020,0.2,0,0,0
0-17,1937,05/05/2020,3.3,0,0,22.5
18-49,28968,05/05/2020,49.3,145,6.2,43.5
50-64,14974,05/05/2020,25.5,353,15.2,18.4
65+,12842,05/05/2020,21.8,1826,78.5,15.6
Unknown,94,05/05/2020,0.2,1,0,0
0-17,2055,06/05/2020,3.4,0,0,22.5
18-49,29902,06/05/2020,49.3,150,6.2,43.5
50-64,15375,06/05/2020,25.4,370,15.3,18.4
65+,13194,06/05/2020,21.8,1891,78.4,15.6
Unknown,88,06/05/2020,0.1,1,0,0
0-17,2181,07/05/2020,3.5,0,0,22.5
18-49,30860,07/05/2020,49.4,153,6.1,43.5
50-64,15793,07/05/2020,25.3,386,15.5,18.4
65+,13580,07/05/2020,21.7,1953,78.3,15.6
Unknown,98,07/05/2020,0.2,1,0,0
0-17,2260,08/05/2020,3.5,0,0,22.5
18-49,32004,08/05/2020,49.6,156,6.1,43.5
50-64,16250,08/05/2020,25.2,395,15.3,18.4
65+,13948,08/05/2020,21.6,2024,78.6,15.6
Unknown,99,08/05/2020,0.2,1,0,0
0-17,2373,09/05/2020,3.6,0,0,22.5
18-49,33190,09/05/2020,49.8,162,6.1,43.5
50-64,16729,09/05/2020,25.1,405,15.2,18.4
65+,14290,09/05/2020,21.4,2089,78.6,15.6
Unknown,98,09/05/2020,0.1,1,0,0
0-17,2444,10/05/2020,3.6,0,0,22.5
18-49,33805,10/05/2020,49.8,163,6.1,43.5
50-64,17002,10/05/2020,25,412,15.3,18.4
65+,14597,10/05/2020,21.5,2115,78.6,15.6
Unknown,91,10/05/2020,0.1,1,0,0
0-17,2549,11/05/2020,3.7,0,0,22.5
18-49,34573,11/05/2020,49.8,167,6.1,43.5
50-64,17322,11/05/2020,25,418,15.2,18.4
65+,14845,11/05/2020,21.4,2166,78.7,15.6
Unknown,93,11/05/2020,0.1,1,0,0
0-17,2672,12/05/2020,3.8,0,0,22.5
18-49,35567,12/05/2020,50,169,5.9,43.5
50-64,17701,12/05/2020,24.9,440,15.5,18.4
65+,15098,12/05/2020,21.2,2236,78.6,15.6
Unknown,103,12/05/2020,0.1,1,0,0
0-17,2799,13/05/2020,3.8,0,0,22.5
18-49,36602,13/05/2020,50,176,6,43.5
50-64,18154,13/05/2020,24.8,445,15.2,18.4
65+,15498,13/05/2020,21.2,2304,78.7,15.6
Unknown,111,13/05/2020,0.2,1,0,0
0-17,2951,14/05/2020,3.9,0,0,22.5
18-49,37637,14/05/2020,50.2,183,6,43.5
50-64,18510,14/05/2020,24.7,459,15.2,18.4
65+,15725,14/05/2020,21,2386,78.8,15.6
Unknown,113,14/05/2020,0.2,1,0,0
0-17,3064,15/05/2020,4,0,0,22.5
18-49,38611,15/05/2020,50.3,185,5.9,43.5
50-64,18908,15/05/2020,24.6,468,15,18.4
65+,16101,15/05/2020,21,2465,79,15.6
Unknown,109,15/05/2020,0.1,1,0,0
0-17,3225,16/05/2020,4.1,0,0,22.5
18-49,39651,16/05/2020,50.3,187,5.9,43.5
50-64,19365,16/05/2020,24.6,475,14.9,18.4
65+,16489,16/05/2020,20.9,2516,79.1,15.6
Unknown,109,16/05/2020,0.1,1,0,0
0-17,3355,17/05/2020,4.2,0,0,22.5
18-49,40539,17/05/2020,50.4,189,5.9,43.5
0-17,11064,16/06/2020,7,0,0,22.5
18-49,85325,16/06/2020,54.3,312,6.2,43.5
50-64,34922,16/06/2020,22.2,812,16,18.4
65+,25503,16/06/2020,16.2,3939,77.8,15.6
Missing,201,16/06/2020,0.1,1,0,0
0-17,10451,14/06/2020,6.9,0,0,22.5
18-49,81943,14/06/2020,54.1,307,6.2,43.5
50-64,33871,14/06/2020,22.4,798,16,18.4
65+,24981,14/06/2020,16.5,3874,77.8,15.6
Missing,206,14/06/2020,0.1,1,0,0
0-17,9819,12/06/2020,6.7,0,0,22.5
18-49,78441,12/06/2020,53.9,296,6.1,43.5
50-64,32783,12/06/2020,22.5,778,15.9,18.4
65+,24403,12/06/2020,16.8,3804,78,15.6
Missing,197,12/06/2020,0.1,1,0,0
0-17,7947,06/06/2020,6.2,0,0,22.5
18-49,68412,06/06/2020,53.1,269,6,43.5
50-64,29556,06/06/2020,22.9,709,15.8,18.4
65+,22704,06/06/2020,17.6,3523,78.3,15.6
Missing,193,06/06/2020,0.1,0,0,0
0-17,7678,05/06/2020,6.1,0,0,22.5
18-49,66755,05/06/2020,53,261,5.9,43.5
50-64,29033,05/06/2020,23,696,15.7,18.4
65+,22365,05/06/2020,17.7,3478,78.4,15.6
Missing,185,05/06/2020,0.1,0,0,0
50-64,19703,17/05/2020,24.5,481,15,18.4
65+,16727,17/05/2020,20.8,2546,79.2,15.2
Unknown,106,17/05/2020,0.1,0,0,0
0-17,3446,18/05/2020,4.2,0,0,22.5
18-49,41321,18/05/2020,50.5,190,5.8,43.5
50-64,20003,18/05/2020,24.5,483,14.9,18.4
65+,16920,18/05/2020,20.7,2577,79.3,15.6
Unknown,105,18/05/2020,0.1,0,0,0
0-17,3657,19/05/2020,4.4,0,0,22.5
18-49,42591,19/05/2020,50.7,195,5.8,43.5
50-64,20468,19/05/2020,24.4,509,15.1,18.4
65+,17232,19/05/2020,20.5,2670,79.1,15.6
Unknown,109,19/05/2020,0.1,0,0,0
0-17,3855,20/05/2020,4.5,0,0,22.5
18-49,43749,20/05/2020,50.8,198,5.7,43.5
50-64,20967,20/05/2020,24.3,522,15.1,18.4
65+,17513,20/05/2020,20.3,2731,79.1,15.6
Unknown,113,20/05/2020,0.1,0,0,0
0-17,4049,21/05/2020,4.6,0,0,22.5
18-49,44952,21/05/2020,50.8,203,5.7,43.5
50-64,21461,21/05/2020,24.3,536,15.1,18.4
65+,17864,21/05/2020,20.2,2805,79.1,15.6
Unknown,118,21/05/2020,0.1,0,0,0
0-17,4273,22/05/2020,4.7,0,0,22.5
18-49,46131,22/05/2020,50.9,203,5.7,43.5
50-64,21938,22/05/2020,24.2,544,15.2,18.4
65+,18164,22/05/2020,20,2842,79.2,15.6
Unknown,125,22/05/2020,0.1,0,0,0
0-17,4462,23/05/2020,4.8,0,0,22.5
18-49,47331,23/05/2020,51.1,204,5.6,43.5
50-64,22361,23/05/2020,24.1,556,15.2,18.4
65+,18424,23/05/2020,19.9,2885,79.1,15.6
Unknown,132,23/05/2020,0.1,1,0,0
0-17,4633,24/05/2020,4.9,0,0,22.5
18-49,48364,24/05/2020,51.1,206,5.6,43.5
50-64,22754,24/05/2020,24.1,560,15.3,18.4
65+,18670,24/05/2020,19.7,2899,79.1,15.6
Unknown,137,24/05/2020,0.1,1,0,0
0-17,4872,25/05/2020,5,0,0,22.5
18-49,49643,25/05/2020,51.3,208,5.7,43.5
50-64,23185,25/05/2020,24,560,15.2,18.4
65+,18898,25/05/2020,19.5,2911,79.1,15.6
Unknown,135,25/05/2020,0.1,0,0,0
0-17,5122,26/05/2020,5.2,0,0,22.5
18-49,50981,26/05/2020,51.5,210,5.7,43.5
50-64,23633,26/05/2020,23.9,564,15.2,18.4
65+,19095,26/05/2020,19.3,2933,79.1,15.6
Unknown,149,26/05/2020,0.2,0,0,0
0-17,5371,27/05/2020,5.3,0,0,22.5
18-49,52555,27/05/2020,51.7,218,5.7,43.5
50-64,24154,27/05/2020,23.8,579,15.2,18.4
65+,19462,27/05/2020,19.1,3019,79.1,15.6
Unknown,155,27/05/2020,0.2,0,0,0
0-17,5542,28/05/2020,5.3,0,0,22.5
18-49,53795,28/05/2020,51.8,222,5.7,43.5
50-64,24617,28/05/2020,23.7,599,15.3,18.4
65+,19773,28/05/2020,19,3083,79,15.6
Unknown,159,28/05/2020,0.2,0,0,0
0-17,5861,29/05/2020,5.5,0,0,22.5
18-49,55552,29/05/2020,52,228,5.7,43.5
50-64,25223,29/05/2020,23.6,618,15.5,18.4
65+,20073,29/05/2020,18.8,3139,78.8,15.6
Unknown,169,29/05/2020,0.2,0,0,0
0-17,6254,30/05/2020,5.7,0,0,22.5
18-49,57738,30/05/2020,52.2,230,5.7,43.5
50-64,25964,30/05/2020,23.5,627,15.5,18.4
65+,20455,30/05/2020,18.5,3186,78.8,15.6
Unknown,172,30/05/2020,0.2,0,0,0
0-17,6488,31/05/2020,5.7,0,0,22.5
18-49,59144,31/05/2020,52.3,231,5.7,43.5
50-64,26405,31/05/2020,23.4,636,15.6,18.4
65+,20792,31/05/2020,18.4,3213,78.8,15.6
Unknown,177,31/05/2020,0.2,0,0,0
0-17,6706,01/06/2020,5.8,0,0,22.5
18-49,60493,01/06/2020,52.5,235,5.7,43.5
50-64,26880,01/06/2020,23.3,642,15.6,18.4
65+,21054,01/06/2020,18.3,3250,78.7,15.6
Missing,177,01/06/2020,0.2,0,0,0
0-17,6925,02/06/2020,5.9,0,0,22.5
18-49,61896,02/06/2020,52.6,248,5.9,43.5
50-64,27334,02/06/2020,23.2,662,15.6,18.4
65+,21354,02/06/2020,18.1,3321,78.5,15.6
Missing,178,02/06/2020,0.2,0,0,0
0-17,7119,03/06/2020,5.9,0,0,22.5
18-49,63152,03/06/2020,52.7,250,5.8,43.5
50-64,27762,03/06/2020,23.2,671,15.6,18.4
65+,21595,03/06/2020,18,3377,78.6,15.6
Missing,179,03/06/2020,0.1,0,0,0
0-17,7408,04/06/2020,6,0,0,22.5
18-49,64914,04/06/2020,52.8,257,5.9,43.5
50-64,28396,04/06/2020,23.1,686,15.7,18.4
65+,22002,04/06/2020,17.9,3425,78.4,15.6
Missing,181,04/06/2020,0.1,0,0,0
0-17,8248,07/06/2020,6.3,0,0,22.5
18-49,69915,07/06/2020,53.2,271,6,43.5
50-64,30025,07/06/2020,22.9,715,15.8,18.4
65+,22939,07/06/2020,17.5,3542,78.2,15.6
Missing,192,07/06/2020,0.1,0,0,0
0-17,8509,08/06/2020,6.4,0,0,22.5
18-49,71233,08/06/2020,53.4,274,6,43.5
50-64,30400,08/06/2020,22.8,721,15.8,18.4
65+,23154,08/06/2020,17.3,3564,78.2,15.6
Missing,193,08/06/2020,0.1,0,0,0
0-17,8800,09/06/2020,6.5,0,0,22.5
18-49,72829,09/06/2020,53.5,280,6,43.5
50-64,30914,09/06/2020,22.7,741,15.9,18.4
65+,23469,09/06/2020,17.2,3642,78.1,15.6
Missing,179,09/06/2020,0.1,0,0,0
0-17,9136,10/06/2020,6.6,0,0,22.5
18-49,74622,10/06/2020,53.6,291,6.1,43.5
50-64,31530,10/06/2020,22.6,756,15.9,18.4
65+,23806,10/06/2020,17.1,3721,78,15.6
Missing,187,10/06/2020,0.1,1,0,0
0-17,9461,11/06/2020,6.7,0,0,22.5
18-49,76220,11/06/2020,53.7,295,6.1,43.5
50-64,32069,11/06/2020,22.6,771,16,18.4
65+,24043,11/06/2020,16.9,3765,77.9,15.6
Missing,190,11/06/2020,0.1,1,0,0
0-17,10184,13/06/2020,6.8,0,0,22.5
18-49,80348,13/06/2020,54,304,6.1,43.5
50-64,33357,13/06/2020,22.4,792,16,18.4
65+,24762,13/06/2020,16.6,3864,77.9,15.6
Missing,204,13/06/2020,0.1,1,0,0
0-17,10702,15/06/2020,7,0,0,22.5
18-49,83254,15/06/2020,54.2,308,6.2,43.5
50-64,34290,15/06/2020,22.3,801,16,18.4
65+,25109,15/06/2020,16.4,3892,77.8,15.6
Missing,205,15/06/2020,0.1,1,0,0
0-17,11582,17/06/2020,7.2,0,0,22.5
18-49,87796,17/06/2020,54.5,317,6.2,43.5
50-64,35609,17/06/2020,22.1,825,16,18.4
65+,25911,17/06/2020,16.1,3999,77.8,15.6
Missing,201,17/06/2020,0.1,1,0,0
0-17,12063,18/06/2020,7.3,0,0,22.5
18-49,90278,18/06/2020,54.6,320,6.1,43.5
50-64,36485,18/06/2020,22.1,841,16,18.4
65+,26385,18/06/2020,16,4088,77.9,15.6
Missing,205,18/06/2020,0.1,1,0,0
0-17,12441,19/06/2020,7.3,0,0,22.5
18-49,92703,19/06/2020,54.8,322,6.1,43.5
50-64,37213,19/06/2020,22,851,16,18.4
65+,26741,19/06/2020,15.8,4144,77.9,15.6
Missing,211,19/06/2020,0.1,1,0,0
0-17,12897,20/06/2020,7.4,0,0,22.5
18-49,95513,20/06/2020,54.9,326,6,43.5
50-64,38046,20/06/2020,21.9,868,16.1,18.4
65+,27173,20/06/2020,15.6,4207,77.9,15.6
Missing,195,20/06/2020,0.1,1,0,0
0-17,13346,21/06/2020,7.5,0,0,22.5
18-49,98269,21/06/2020,55.2,327,6,43.5
50-64,38795,21/06/2020,21.8,875,16.1,18.4
65+,27456,21/06/2020,15.4,4222,77.8,15.6
Missing,188,21/06/2020,0.1,1,0,0
0-17,13867,22/06/2020,7.6,0,0,22.5
18-49,101474,22/06/2020,55.4,328,6,43.5
50-64,39667,22/06/2020,21.7,880,16.2,18.4
65+,27864,22/06/2020,15.2,4236,77.8,15.6
Missing,201,22/06/2020,0.1,1,0,0
0-17,14524,23/06/2020,7.6,0,0,22.5
18-49,106053,23/06/2020,55.8,332,6,43.5
50-64,40923,23/06/2020,21.5,889,16.2,18.4
65+,28528,23/06/2020,15,4277,77.8,15.6
Missing,194,23/06/2020,0.1,1,0,0
0-17,14968,24/06/2020,7.7,0,0,22.5
18-49,109489,24/06/2020,56,336,6,43.5
50-64,41870,24/06/2020,21.4,909,16.2,18.4
65+,29048,24/06/2020,14.9,4357,77.8,15.6
Missing,196,24/06/2020,0.1,1,0,0
0-17,15449,25/06/2020,7.7,0,0,22.5
18-49,112547,25/06/2020,56.1,344,6,43.5
50-64,42721,25/06/2020,21.3,932,16.3,18.4
65+,29544,25/06/2020,14.7,4440,77.7,15.6
Missing,200,25/06/2020,0.1,1,0,0
0-17,16093,26/06/2020,7.8,0,0,22.5
18-49,116389,26/06/2020,56.4,347,6,43.5
50-64,43730,26/06/2020,21.2,944,16.3,18.4
65+,30007,26/06/2020,14.5,4494,77.7,15.6
Missing,214,26/06/2020,0.1,1,0,0
0-17,16546,27/06/2020,7.9,0,0,22.5
18-49,118923,27/06/2020,56.5,349,6,43.5
50-64,44383,27/06/2020,21.1,954,16.4,18.4
65+,30333,27/06/2020,14.4,4506,77.5,15.6
Missing,1058,27/06/2020,0.1,1,0,0
0-17,17157,28/06/2020,7.9,0,0,22.5
18-49,122833,28/06/2020,56.7,350,6,43.5
50-64,45434,28/06/2020,21,964,16.5,18.4
65+,30893,28/06/2020,14.3,4535,77.5,15.6
Missing,233,28/06/2020,0.1,1,0,0
0-17,17739,29/06/2020,8,0,0,22.5
18-49,127082,29/06/2020,57,351,6,43.5
50-64,46486,29/06/2020,20.9,967,16.5,18.4
65+,31379,29/06/2020,14.1,4558,77.6,15.6
Missing,231,29/06/2020,0.1,1,0,0
0-17,18672,30/06/2020,8,0,0,22.5
18-49,133458,30/06/2020,57.4,355,5.9,43.5
50-64,48149,30/06/2020,20.7,985,16.5,18.4
65+,32145,30/06/2020,13.8,4637,77.6,15.6
Missing,233,30/06/2020,0.1,1,0,0
0-17,19328,01/07/2020,8,0,0,22.5
18-49,138340,01/07/2020,57.6,361,6,43.5
50-64,49466,01/07/2020,20.6,1002,16.5,18.4
65+,32815,01/07/2020,13.7,4695,77.5,15.6
Missing,246,01/07/2020,0.1,1,0,0
0-17,20088,02/07/2020,8.1,0,0,22.5
18-49,143601,02/07/2020,57.8,369,6,43.5
50-64,50845,02/07/2020,20.5,1023,16.5,18.4
65+,33445,02/07/2020,13.5,4791,77.5,15.6
Missing,256,02/07/2020,0.1,1,0,0
0-17,20610,03/07/2020,8.1,0,0,22.5
18-49,147853,03/07/2020,58,375,6,43.5
50-64,51955,03/07/2020,20.4,1036,16.6,18.4
65+,34055,03/07/2020,13.4,4835,77.4,15.6
Missing,272,03/07/2020,0.1,1,0,0
0-17,21219,04/07/2020,8.2,0,0,22.5
18-49,151294,04/07/2020,58.2,378,6,43.5
50-64,52869,04/07/2020,20.3,1038,16.6,18.4
65+,34493,04/07/2020,13.3,4848,77.4,15.6
Missing,280,04/07/2020,0.1,1,0,0
0-17,22332,05/07/2020,8.2,0,0,22.5
18-49,158767,05/07/2020,58.4,384,6.1,43.5
50-64,54836,05/07/2020,20.2,1044,16.6,18.4
65+,35441,05/07/2020,13,4872,77.3,15.6
Missing,308,05/07/2020,0.1,1,0,0
0-17,22861,06/07/2020,8.2,0,0,22.5
18-49,162714,06/07/2020,58.6,392,6.2,43.5
50-64,55931,06/07/2020,20.1,1053,16.6,18.4
65+,35957,06/07/2020,12.9,4916,77.3,15.6
Missing,311,06/07/2020,0.1,1,0,0
0-17,23960,07/07/2020,8.3,0,0,22.5
18-49,170255,07/07/2020,58.8,410,6.3,43.5
50-64,58017,07/07/2020,20,1069,16.5,18.4
65+,36911,07/07/2020,12.8,4995,77.1,15.6
Missing,325,07/07/2020,0.1,1,0,0
0-17,24556,08/07/2020,8.3,0,0,22.5
18-49,174719,08/07/2020,58.9,423,6.4,43.5
50-64,59300,08/07/2020,20,1101,16.6,18.4
65+,37586,08/07/2020,12.7,5096,77,15.6
Missing,338,08/07/2020,0.1,1,0,0
0-17,25160,09/07/2020,8.3,0,0,22.5
18-49,179727,09/07/2020,59.1,437,6.4,43.5
50-64,60708,09/07/2020,20,1148,16.9,18.4
65+,38346,09/07/2020,12.6,5201,76.6,15.6
Missing,356,09/07/2020,0.1,1,0,0
0-17,25889,10/07/2020,8.3,0,0,22.5
18-49,184939,10/07/2020,59.2,446,6.5,43.5
50-64,62124,10/07/2020,19.9,1170,17,18.4
65+,39039,10/07/2020,12.5,5276,76.6,15.6
Missing,353,10/07/2020,0.1,0,0,0
0-17,26652,11/07/2020,8.3,0,0,22.5
18-49,190310,11/07/2020,59.3,454,6.5,43.5
50-64,63696,11/07/2020,19.9,1187,17,18.4
65+,39776,11/07/2020,12.4,5348,76.5,15.6
Missing,370,11/07/2020,0.1,0,0,0
0-17,27415,12/07/2020,8.3,0,0,22.5
18-49,195752,12/07/2020,59.5,455,6.5,43.5
50-64,65134,12/07/2020,19.8,1192,17,18.4
65+,40473,12/07/2020,12.3,5367,76.5,15.6
Missing,388,12/07/2020,0.1,0,0,0
0-17,28108,13/07/2020,8.4,0,0,22.5
18-49,200437,13/07/2020,59.6,456,6.5,43.5
50-64,66427,13/07/2020,19.7,1193,16.9,18.4
65+,41080,13/07/2020,12.2,5390,76.6,15.6
Missing,456,13/07/2020,0.1,0,0,0
0-17,29156,14/07/2020,8.4,0,0,22.5
18-49,207574,14/07/2020,59.7,466,6.5,43.5
50-64,68493,14/07/2020,19.7,1220,17,18.4
65+,42007,14/07/2020,12.1,5478,76.5,15.6
Missing,404,14/07/2020,0.1,0,0,0
0-17,29945,15/07/2020,8.4,0,0,22.5
18-49,213083,15/07/2020,59.8,477,6.5,43.5
50-64,69998,15/07/2020,19.7,1238,17,18.4
65+,42748,15/07/2020,12,5568,76.5,15.6
Missing,404,15/07/2020,0.1,0,0,0
0-17,31018,16/07/2020,8.5,0,0,22.5
18-49,219485,16/07/2020,59.9,484,6.5,43.5
50-64,71688,16/07/2020,19.6,1271,17.2,18.4
65+,43550,16/07/2020,11.9,5654,76.3,15.6
Missing,423,16/07/2020,0.1,0,0,0
0-17,31953,17/07/2020,8.5,0,0,22.5
18-49,225279,17/07/2020,60,491,6.5,43.5
50-64,73362,17/07/2020,19.5,1294,17.2,18.4
65+,44297,17/07/2020,11.8,5745,76.3,15.6
Missing,472,17/07/2020,0.1,0,0,0
0-17,32913,18/07/2020,8.6,0,0,22.5
18-49,231171,18/07/2020,60.1,505,6.6,43.5
50-64,74999,18/07/2020,19.5,1306,17.1,18.4
65+,45166,18/07/2020,11.7,5809,76.2,15.6
Missing,443,18/07/2020,0.1,0,0,0
0-17,33630,19/07/2020,8.6,0,0,22.5
18-49,235513,19/07/2020,60.2,506,6.6,43.5
50-64,76179,19/07/2020,19.5,1311,17.1,18.4
65+,45759,19/07/2020,11.7,5834,76.3,15.6
Missing,457,19/07/2020,0.1,0,0,0
0-17,34617,20/07/2020,8.6,0,0,22.5
18-49,241406,20/07/2020,60.2,508,6.6,43.5
50-64,77787,20/07/2020,19.4,1317,17.2,18.4
65+,46495,20/07/2020,11.6,5852,76.2,15.6
Missing,464,20/07/2020,0.1,0,0,0
0-17,35962,21/07/2020,8.7,0,0,22.5
18-49,249412,21/07/2020,60.3,516,6.6,43.5
50-64,80056,21/07/2020,19.4,1337,17.2,18.4
65+,47673,21/07/2020,11.5,5940,76.2,15.6
Missing,473,21/07/2020,0.1,0,0,0
0-17,37335,22/07/2020,8.8,0,0,22.5
18-49,256853,22/07/2020,60.3,526,6.6,43.5
50-64,82217,22/07/2020,19.3,1371,17.2,18.4
65+,48744,22/07/2020,11.5,6052,76.1,15.6
Missing,467,22/07/2020,0.1,0,0,0
0-17,38301,23/07/2020,8.8,0,0,22.5
18-49,262780,23/07/2020,60.4,547,6.8,43.5
50-64,84114,23/07/2020,19.3,1402,17.3,18.4
65+,49648,23/07/2020,11.4,6147,75.9,15.6
Missing,491,23/07/2020,0.1,0,0,0
0-17,39396,24/07/2020,8.8,0,0,22.5
18-49,268931,24/07/2020,60.4,567,6.9,43.5
50-64,86034,24/07/2020,19.3,1430,17.4,18.4
65+,50518,24/07/2020,11.3,6245,75.8,15.6
Missing,521,24/07/2020,0.1,0,0,0
0-17,40407,25/07/2020,8.9,0,0,22.5
18-49,274037,25/07/2020,60.4,580,6.9,43.5
50-64,87494,25/07/2020,19.3,1463,17.5,18.4
65+,51190,25/07/2020,11.3,6339,75.6,15.6
Missing,531,25/07/2020,0.1,0,0,0
0-17,41148,26/07/2020,8.9,0,0,22.5
18-49,278295,26/07/2020,60.4,585,7,43.5
50-64,88800,26/07/2020,19.3,1467,17.4,18.4
65+,51772,26/07/2020,11.2,6360,75.6,15.6
Missing,535,26/07/2020,0.1,0,0,0
0-17,41836,27/07/2020,9,0,0,22.5
18-49,282008,27/07/2020,60.4,589,7,43.5
50-64,89869,27/07/2020,19.3,1469,17.4,18.4
65+,52302,27/07/2020,11.2,6378,75.6,15.6
Missing,535,27/07/2020,0.1,0,0,0
0-17,42697,28/07/2020,9,0,0,22.5
18-49,287413,28/07/2020,60.5,606,7.1,43.5
50-64,91465,28/07/2020,19.2,1497,17.6,18.4
65+,53138,28/07/2020,11.2,6413,75.3,15.6
Missing,592,28/07/2020,0.1,0,0,0
0-17,43880,29/07/2020,9,0,0,22.5
18-49,293721,29/07/2020,60.5,626,7.2,43.5
50-64,93273,29/07/2020,19.2,1534,17.5,18.4
65+,54039,29/07/2020,11.1,6591,75.3,15.6
Missing,589,29/07/2020,0.1,0,0,0
0-17,44793,30/07/2020,9.1,0,0,22.5
18-49,298735,30/07/2020,60.5,637,7.1,43.5
50-64,94730,30/07/2020,19.2,1569,17.6,18.4
65+,54743,30/07/2020,11.1,6733,75.3,15.6
Missing,587,30/07/2020,0.1,0,0,0
0-17,45520,31/07/2020,9.1,0,0,22.5
18-49,302739,31/07/2020,60.5,649,7.1,43.5
50-64,95892,31/07/2020,19.2,1594,17.5,18.4
65+,55360,31/07/2020,11.1,6851,75.3,15.6
Missing,619,31/07/2020,0.1,1,0,0
0-17,46556,01/08/2020,9.1,0,0,22.5
18-49,308114,01/08/2020,60.5,666,7.2,43.5
50-64,97551,01/08/2020,19.2,1626,17.6,18.4
65+,56206,01/08/2020,11,6959,75.2,15.6
Missing,735,01/08/2020,0.1,1,0,0
0-17,47286,02/08/2020,9.2,1,0,22.5
18-49,311547,02/08/2020,60.5,674,7.2,43.5
50-64,98574,02/08/2020,19.1,1646,17.6,18.4
65+,56786,02/08/2020,11,7004,75.1,15.6
Missing,708,02/08/2020,0.1,1,0,0
0-17,47920,03/08/2020,9.2,1,0,22.5
18-49,314238,03/08/2020,60.5,676,7.2,43.5
50-64,99383,03/08/2020,19.1,1652,17.7,18.4
65+,57247,03/08/2020,11,7019,75.1,15.6
Missing,639,03/08/2020,0.1,1,0,0
0-17,48524,04/08/2020,9.2,1,0,22.5
18-49,317287,04/08/2020,60.5,690,7.2,43.5
50-64,100408,04/08/2020,19.1,1693,17.8,18.4
65+,57847,04/08/2020,11,7135,74.9,15.6
Missing,656,04/08/2020,0.1,1,0,0
0-17,49158,05/08/2020,9.3,1,0,22.5
18-49,320274,05/08/2020,60.4,699,7.2,43.5
50-64,101404,05/08/2020,19.1,1731,17.9,18.4
65+,58458,05/08/2020,11,7228,74.8,15.6
Missing,686,05/08/2020,0.1,1,0,0
0-17,50193,06/08/2020,9.3,1,0,22.5
18-49,325283,06/08/2020,60.4,714,7.3,43.5
50-64,102941,06/08/2020,19.1,1758,17.9,18.4
65+,59282,06/08/2020,11,7333,74.8,15.6
Missing,717,06/08/2020,0.1,1,0,0
0-17,51132,07/08/2020,9.4,1,0,22.5
18-49,329682,07/08/2020,60.4,729,7.3,43.5
50-64,104297,07/08/2020,19.1,1791,17.9,18.4
65+,59954,07/08/2020,11,7459,74.7,15.6
Missing,722,07/08/2020,0.1,2,0,0
0-17,52104,08/08/2020,9.4,1,0,22.5
18-49,334619,08/08/2020,60.4,745,7.3,43.5
50-64,105860,08/08/2020,19.1,1838,18.1,18.4
65+,60829,08/08/2020,11,7587,74.6,15.6
Missing,748,08/08/2020,0.1,2,0,0
0-17,53136,09/08/2020,9.5,1,0,22.5
18-49,339235,09/08/2020,60.4,750,7.3,43.5
50-64,107300,09/08/2020,19.1,1856,18.1,18.4
65+,61464,09/08/2020,10.9,7638,74.5,15.6
Missing,776,09/08/2020,0.1,2,0,0
0-17,54778,10/08/2020,9.5,1,0,22.5
18-49,346637,10/08/2020,60.3,750,7.3,43.5
50-64,109714,10/08/2020,19.1,1863,18.1,18.4
65+,62506,10/08/2020,10.9,7657,74.5,15.6
Missing,776,10/08/2020,0.1,1,0,0
0-17,56276,11/08/2020,9.6,1,0,22.5
18-49,353518,11/08/2020,60.3,763,7.3,43.5
50-64,111811,11/08/2020,19.1,1910,18.2,18.4
65+,63617,11/08/2020,10.9,7816,74.5,15.6
Missing,834,11/08/2020,0.1,1,0,0
0-17,57230,12/08/2020,9.6,1,0,22.5
18-49,357676,12/08/2020,60.3,769,7.2,43.5
50-64,113099,12/08/2020,19.1,1941,18.2,18.4
65+,64298,12/08/2020,10.8,7953,74.6,15.6
Missing,838,12/08/2020,0.1,2,0,0
0-17,58146,13/08/2020,9.7,1,0,22.5
18-49,362344,13/08/2020,60.3,783,7.2,43.5
50-64,114633,13/08/2020,19.1,1974,18.2,18.4
65+,65116,13/08/2020,10.8,8071,74.5,15.6
Missing,836,13/08/2020,0.1,2,0,0
0-17,59682,14/08/2020,9.7,1,0,22.5
18-49,369772,14/08/2020,60.3,789,7.2,43.5
50-64,116986,14/08/2020,19.1,2010,18.3,18.4
65+,66403,14/08/2020,10.8,8189,74.5,15.6
Missing,846,14/08/2020,0.1,5,0,0
0-17,60630,15/08/2020,9.8,1,0,22.5
18-49,374400,15/08/2020,60.2,801,7.2,43.5
50-64,118498,15/08/2020,19.1,2039,18.4,18.4
65+,67168,15/08/2020,10.8,8259,74.4,15.6
Missing,866,15/08/2020,0.1,4,0,0
0-17,61538,16/08/2020,9.8,1,0,22.5
18-49,378186,16/08/2020,60.2,800,7.2,43.5
50-64,119629,16/08/2020,19,2041,18.4,18.4
65+,67816,16/08/2020,10.8,8268,74.4,15.6
Missing,862,16/08/2020,0.1,4,0,0
0-17,62233,17/08/2020,9.8,1,0,22.5
18-49,380923,17/08/2020,60.2,805,7.2,43.5
50-64,120440,17/08/2020,19,2047,18.4,18.4
65+,68211,17/08/2020,10.8,8288,74.4,15.6
Missing,860,17/08/2020,0.1,4,0,0
0-17,63118,18/08/2020,9.9,1,0,22.5
18-49,384524,18/08/2020,60.2,812,7.2,43.5
50-64,121521,18/08/2020,19,2084,18.4,18.4
65+,68806,18/08/2020,10.8,8401,74.3,15.6
Missing,862,18/08/2020,0.1,3,0,0
0-17,63909,19/08/2020,9.9,1,0,22.5
18-49,388034,19/08/2020,60.2,833,7.3,43.5
50-64,122554,19/08/2020,19,2112,18.4,18.4
65+,69380,19/08/2020,10.8,8517,74.3,15.6
Missing,874,19/08/2020,0.1,3,0,0
0-17,64573,20/08/2020,9.9,2,0,22.5
18-49,391321,20/08/2020,60.2,842,7.3,43.5
50-64,123591,20/08/2020,19,2142,18.5,18.4
65+,69957,20/08/2020,10.8,8601,74.2,15.6
Missing,894,20/08/2020,0.1,3,0,0
0-17,65360,21/08/2020,9.9,2,0,22.5
18-49,395106,21/08/2020,60.1,847,7.2,43.5
50-64,124841,21/08/2020,19,2169,18.5,18.4
65+,70688,21/08/2020,10.8,8720,74.3,15.6
Missing,897,21/08/2020,0.1,3,0,0
0-17,66204,22/08/2020,10,2,0,22.5
18-49,399060,22/08/2020,60.1,866,7.2,43.5
50-64,126041,22/08/2020,19,2204,18.5,18.4
65+,71455,22/08/2020,10.8,8870,74.3,15.6
Missing,909,22/08/2020,0.1,3,0,0
0-17,66828,23/08/2020,10,2,0,22.5
18-49,401960,23/08/2020,60.1,868,7.3,43.5
50-64,126998,23/08/2020,19,2209,18.5,18.4
65+,71901,23/08/2020,10.8,8873,74.2,15.6
Missing,928,23/08/2020,0.1,3,0,0
0-17,67462,24/08/2020,10,2,0,22.5
18-49,404499,24/08/2020,60.1,871,7.3,43.5
50-64,127847,24/08/2020,19,2213,18.4,18.4
65+,72358,24/08/2020,10.8,8914,74.3,15.6
Missing,929,24/08/2020,0.1,3,0,0
0-17,68163,25/08/2020,10,3,0,22.5
18-49,408100,25/08/2020,60.1,877,7.2,43.5
50-64,128929,25/08/2020,19,2247,18.5,18.4
65+,72988,25/08/2020,10.7,9027,74.2,15.6
Missing,919,25/08/2020,0.1,4,0,0
0-17,68731,26/08/2020,10.1,3,0,22.5
18-49,410668,26/08/2020,60.1,888,7.2,43.5
50-64,129732,26/08/2020,19,2266,18.4,18.4
65+,73489,26/08/2020,10.8,9135,74.3,15.6
Missing,909,26/08/2020,0.1,4,0,0
0-17,69369,27/08/2020,10.1,4,0,22.5
18-49,413764,27/08/2020,60.1,901,7.2,43.5
50-64,130701,27/08/2020,19,2301,18.5,18.4
65+,74124,27/08/2020,10.8,9252,74.2,15.6
Missing,900,27/08/2020,0.1,3,0,0
0-17,69964,28/08/2020,10.1,3,0,22.5
18-49,416615,28/08/2020,60,907,7.2,43.5
50-64,131694,28/08/2020,19,2317,18.4,18.4
65+,74665,28/08/2020,10.8,9339,74.3,15.6
Missing,901,28/08/2020,0.1,3,0,0
0-17,70677,29/08/2020,10.1,3,0,22.5
18-49,420231,29/08/2020,60,922,7.2,43.5
50-64,132806,29/08/2020,19,2348,18.4,18.4
65+,75284,29/08/2020,10.8,9470,74.3,15.6
Missing,911,29/08/2020,0.1,2,0,0
0-17,71224,30/08/2020,10.1,3,0,22.5
18-49,422691,30/08/2020,60,920,7.2,43.5
50-64,133533,30/08/2020,19,2351,18.4,18.4
65+,75729,30/08/2020,10.8,9481,74.3,15.6
Missing,908,30/08/2020,0.1,2,0,0
0-17,71776,31/08/2020,10.1,3,0,22.5
18-49,424850,31/08/2020,60,924,7.2,43.5
50-64,134175,31/08/2020,19,2359,18.4,18.4
65+,76098,31/08/2020,10.8,9507,74.3,15.6
Missing,898,31/08/2020,0.1,2,0,0
0-17,72271,01/09/2020,10.1,3,0,22.5
18-49,427519,01/09/2020,60,932,7.2,43.5
50-64,134862,01/09/2020,18.9,2402,18.5,18.4
65+,76511,01/09/2020,10.7,9614,74.2,15.6
Missing,889,01/09/2020,0.1,2,0,0
0-17,72822,02/09/2020,10.2,3,0,22.5
18-49,430475,02/09/2020,60,943,7.2,43.5
50-64,135797,02/09/2020,18.9,2438,18.6,18.4
65+,77191,02/09/2020,10.8,9734,74.2,15.6
Missing,892,02/09/2020,0.1,2,0,0
0-17,73330,03/09/2020,10.2,3,0,22.5
18-49,433487,03/09/2020,60,963,7.2,43.5
50-64,136757,03/09/2020,18.9,2466,18.6,18.4
65+,77807,03/09/2020,10.8,9858,74.2,15.6
Missing,902,03/09/2020,0.1,2,0,0
0-17,73915,04/09/2020,10.2,3,0,22.5
18-49,436511,04/09/2020,60,978,7.3,43.5
50-64,137641,04/09/2020,18.9,2513,18.7,18.4
65+,78262,04/09/2020,10.8,9973,74,15.6
Missing,910,04/09/2020,0.1,2,0,0
0-17,74490,05/09/2020,10.2,3,0,22.5
18-49,439510,05/09/2020,60,986,7.3,43.5
50-64,138496,05/09/2020,18.9,2536,18.7,18.4
65+,78740,05/09/2020,10.8,10065,74.1,15.6
Missing,908,05/09/2020,0.1,2,0,0
0-17,74886,06/09/2020,10.2,3,0,22.5
18-49,441336,06/09/2020,60,983,7.2,43.5
50-64,139067,06/09/2020,18.9,2543,18.7,18.4
65+,79046,06/09/2020,10.8,10065,74,15.6
Missing,900,06/09/2020,0.1,2,0,0
0-17,75198,07/09/2020,10.2,3,0,22.5
18-49,442946,07/09/2020,60,986,7.2,43.5
50-64,139563,07/09/2020,18.9,2550,18.7,18.4
65+,79301,07/09/2020,10.7,10106,74.1,15.6
Missing,903,07/09/2020,0.1,2,0,0
0-17,75382,08/09/2020,10.2,3,0,22.5
18-49,443906,08/09/2020,60,990,7.2,43.5
50-64,139866,08/09/2020,18.9,2578,18.8,18.4
65+,79476,08/09/2020,10.7,10154,74,15.6
Missing,897,08/09/2020,0.1,2,0,0
0-17,75769,09/09/2020,10.2,3,0,22.5
18-49,445900,09/09/2020,60,1000,7.2,43.5
50-64,140488,09/09/2020,18.9,2616,18.9,18.4
65+,79803,09/09/2020,10.7,10226,73.8,15.6
Missing,905,09/09/2020,0.1,2,0,0
0-17,76136,10/09/2020,10.2,3,0,22.5
18-49,447876,10/09/2020,60,1004,7.2,43.5
50-64,141078,10/09/2020,18.9,2643,18.9,18.4
65+,80183,10/09/2020,10.7,10311,73.8,15.6
Missing,918,10/09/2020,0.1,2,0,0
0-17,76593,11/09/2020,10.2,3,0,22.5
18-49,450341,11/09/2020,60,1010,7.2,43.5
50-64,141798,11/09/2020,18.9,2671,19,18.4
65+,80630,11/09/2020,10.7,10396,73.8,15.6
Missing,936,11/09/2020,0.1,2,0,0
0-17,77187,12/09/2020,10.2,3,0,22.5
18-49,453134,12/09/2020,60,1022,7.2,43.5
50-64,142627,12/09/2020,18.9,2695,19,18.4
65+,81053,12/09/2020,10.7,10489,73.8,15.6
Missing,922,12/09/2020,0.1,1,0,0
0-17,77560,13/09/2020,10.2,3,0,22.5
18-49,454811,13/09/2020,60,1023,7.2,43.5
50-64,143153,13/09/2020,18.9,2693,19,18.4
65+,81333,13/09/2020,10.7,10491,73.8,15.6
Missing,921,13/09/2020,0.1,1,0,0
0-17,77859,14/09/2020,10.2,3,0,22.5
18-49,456173,14/09/2020,60,1023,7.2,43.5
50-64,143563,14/09/2020,18.9,2716,19,18.4
65+,81506,14/09/2020,10.7,10517,73.8,15.6
Missing,912,14/09/2020,0.1,1,0,0
0-17,78192,15/09/2020,10.2,3,0,22.5
18-49,457919,15/09/2020,60,1030,7.1,43.5
50-64,144116,15/09/2020,18.9,2742,19,18.4
65+,81822,15/09/2020,10.7,10635,73.8,15.6
Missing,914,15/09/2020,0.1,1,0,0
0-17,78506,16/09/2020,10.2,3,0,22.5
18-49,459903,16/09/2020,60,1038,7.2,43.5
50-64,144721,16/09/2020,18.9,2758,19,18.4
65+,82148,16/09/2020,10.7,10718,73.8,15.6
Missing,923,16/09/2020,0.1,0,0,0
0-17,78946,17/09/2020,10.3,3,0,22.5
18-49,462003,17/09/2020,60,1051,7.2,43.5
50-64,145439,17/09/2020,18.9,2783,19,18.4
65+,82521,17/09/2020,10.7,10790,73.8,15.6
Missing,922,17/09/2020,0.1,0,0,0
0-17,79502,18/09/2020,10.3,3,0,22.5
18-49,464501,18/09/2020,60,1070,7.2,43.5
50-64,146262,18/09/2020,18.9,2823,19.1,18.4
65+,82954,18/09/2020,10.7,10866,73.6,15.6
Missing,916,18/09/2020,0.1,0,0,0
0-17,80069,19/09/2020,10.3,2,0,22.5
18-49,466993,19/09/2020,60,1084,7.3,43.5
50-64,147049,19/09/2020,18.9,2838,19.1,18.4
65+,83379,19/09/2020,10.7,10924,73.6,15.6
Missing,910,19/09/2020,0.1,0,0,0
0-17,80508,20/09/2020,10.3,2,0,22.5
18-49,468969,20/09/2020,60,1081,7.3,43.5
50-64,147624,20/09/2020,18.9,2843,19.1,18.4
65+,83683,20/09/2020,10.7,10947,73.6,15.6
Missing,910,20/09/2020,0.1,0,0,0
0-17,80868,21/09/2020,10.3,2,0,22.5
18-49,470432,21/09/2020,60,1084,7.3,43.5
50-64,148177,21/09/2020,18.9,2846,19.1,18.4
65+,83936,21/09/2020,10.7,10968,73.6,15.6
Missing,911,21/09/2020,0.1,0,0,0
0-17,81177,22/09/2020,10.3,2,0,22.5
18-49,472300,22/09/2020,60,1096,7.3,43.5
50-64,148760,22/09/2020,18.9,2870,19.1,18.4
65+,84312,22/09/2020,10.7,11070,73.6,15.6
Missing,921,22/09/2020,0.1,0,0,0
0-17,81545,23/09/2020,10.3,2,0,22.5
18-49,474158,23/09/2020,60,1101,7.3,43.5
50-64,149356,23/09/2020,18.9,2904,19.2,18.4
65+,84659,23/09/2020,10.7,11147,73.6,15.6
Missing,922,23/09/2020,0.1,0,0,0
0-17,81942,24/09/2020,10.3,2,0,22.5
18-49,476199,24/09/2020,60,1109,7.3,43.5
50-64,149978,24/09/2020,18.9,2931,19.2,18.4
65+,85007,24/09/2020,10.7,11214,73.5,15.6
Missing,914,24/09/2020,0.1,0,0,0
0-17,82484,25/09/2020,10.3,2,0,22.5
18-49,478701,25/09/2020,60,1115,7.3,43.5
50-64,150729,25/09/2020,18.9,2953,19.2,18.4
65+,85434,25/09/2020,10.7,11291,73.5,15.6
Missing,889,25/09/2020,0.1,0,0,0
0-17,83024,26/09/2020,10.3,2,0,22.5
18-49,481120,26/09/2020,60,1120,7.3,43.5
50-64,151507,26/09/2020,18.9,2963,19.2,18.4
65+,85776,26/09/2020,10.7,11347,73.5,15.6
Missing,881,26/09/2020,0.1,0,0,0
0-17,83407,27/09/2020,10.4,2,0,22.5
18-49,482861,27/09/2020,60,1125,7.3,43.5
50-64,152059,27/09/2020,18.9,2962,19.2,18.4
65+,86053,27/09/2020,10.7,11362,73.5,15.6
Missing,883,27/09/2020,0.1,0,0,0
0-17,83695,28/09/2020,10.4,2,0,22.5
18-49,484115,28/09/2020,60,1125,7.3,43.5
50-64,152456,28/09/2020,18.9,2963,19.2,18.4
65+,86274,28/09/2020,10.7,11372,73.5,15.6
Missing,885,28/09/2020,0.1,0,0,0
0-17,84064,29/09/2020,10.4,2,0,22.5
18-49,485990,29/09/2020,60,1136,7.3,43.5
50-64,153030,29/09/2020,18.9,2993,19.1,18.4
65+,86652,29/09/2020,10.7,11526,73.6,15.6
Missing,889,29/09/2020,0.1,0,0,0
0-17,84468,30/09/2020,10.4,2,0,22.5
18-49,487779,30/09/2020,59.9,1140,7.2,43.5
50-64,153584,30/09/2020,18.9,3019,19.2,18.4
65+,86965,30/09/2020,10.7,11596,73.6,15.6
Missing,891,30/09/2020,0.1,0,0,0
0-17,84871,01/10/2020,10.4,2,0,22.5
18-49,489846,01/10/2020,59.9,1157,7.3,43.5
50-64,154299,01/10/2020,18.9,3053,19.2,18.4
65+,87371,01/10/2020,10.7,11706,73.5,15.6
Missing,890,01/10/2020,0.1,0,0,0
0-17,85246,02/10/2020,10.4,2,0,22.5
18-49,491142,02/10/2020,59.9,1153,7.2,43.5
50-64,154619,02/10/2020,18.9,3064,19.2,18.4
65+,87546,02/10/2020,10.7,11713,73.5,15.6
Missing,883,02/10/2020,0.1,0,0,0
0-17,85748,03/10/2020,10.4,2,0,22.5
18-49,493676,03/10/2020,59.9,1160,7.3,43.5
50-64,155398,03/10/2020,18.9,3074,19.2,18.4
65+,88023,03/10/2020,10.7,11763,73.5,15.6
Missing,884,03/10/2020,0.1,0,0,0
0-17,86137,04/10/2020,10.4,2,0,22.5
18-49,495458,04/10/2020,59.9,1162,7.3,43.5
50-64,156007,04/10/2020,18.9,3078,19.2,18.4
65+,88296,04/10/2020,10.7,11778,73.5,15.6
Missing,886,04/10/2020,0.1,0,0,0
0-17,86370,05/10/2020,10.4,2,0,22.5
18-49,496431,05/10/2020,59.9,1166,7.3,43.5
50-64,156312,05/10/2020,18.9,3085,19.2,18.4
65+,88464,05/10/2020,10.7,11793,73.5,15.6
Missing,884,05/10/2020,0.1,0,0,0
0-17,86720,06/10/2020,10.4,2,0,22.5
18-49,498012,06/10/2020,59.9,1167,7.2,43.5
50-64,156845,06/10/2020,18.9,3099,19.2,18.4
65+,88764,06/10/2020,10.7,11863,73.5,15.6
Missing,884,06/10/2020,0.1,0,0,0
0-17,87201,07/10/2020,10.4,2,0,22.5
18-49,500052,07/10/2020,59.9,1174,7.2,43.5
50-64,157546,07/10/2020,18.9,3116,19.2,18.4
65+,89114,07/10/2020,10.7,11933,73.5,15.6
Missing,887,07/10/2020,0.1,0,0,0
0-17,87657,08/10/2020,10.5,2,0,22.5
18-49,502291,08/10/2020,59.9,1180,7.2,43.5
50-64,158233,08/10/2020,18.9,3124,19.2,18.4
65+,89535,08/10/2020,10.7,11992,73.6,15.6
Missing,890,08/10/2020,0.1,0,0,0
0-17,88203,09/10/2020,10.5,2,0,22.5
18-49,504734,09/10/2020,59.9,1183,7.2,43.5
50-64,159028,09/10/2020,18.9,3139,19.2,18.4
65+,89927,09/10/2020,10.7,12056,73.6,15.6
Missing,884,09/10/2020,0.1,0,0,0
0-17,88691,10/10/2020,10.5,2,0,22.5
18-49,507025,10/10/2020,59.9,1188,7.2,43.5
50-64,159737,10/10/2020,18.9,3153,19.2,18.4
65+,90249,10/10/2020,10.7,12117,73.6,15.6
Missing,877,10/10/2020,0.1,0,0,0
0-17,89138,11/10/2020,10.5,2,0,22.5
18-49,509044,11/10/2020,59.9,1189,7.2,43.5
50-64,160393,11/10/2020,18.9,3157,19.2,18.4
65+,90571,11/10/2020,10.7,12122,73.6,15.6
Missing,882,11/10/2020,0.1,0,0,0
0-17,89498,12/10/2020,10.5,2,0,22.5
18-49,510413,12/10/2020,59.9,1189,7.2,43.5
50-64,160823,12/10/2020,18.9,3159,19.2,18.4
65+,90787,12/10/2020,10.7,12130,73.6,15.6
Missing,885,12/10/2020,0.1,0,0,0
0-17,89843,13/10/2020,10.5,2,0,22.5
18-49,511954,13/10/2020,59.9,1189,7.2,43.5
50-64,161329,13/10/2020,18.9,3166,19.2,18.4
65+,91051,13/10/2020,10.6,12165,73.6,15.6
Missing,895,13/10/2020,0.1,0,0,0
0-17,90259,14/10/2020,10.5,2,0,22.5
18-49,513932,14/10/2020,59.9,1197,7.2,43.5
50-64,161957,14/10/2020,18.9,3180,19.1,18.4
65+,91359,14/10/2020,10.6,12242,73.7,15.6
Missing,894,14/10/2020,0.1,0,0,0
0-17,90645,15/10/2020,10.5,2,0,22.5
18-49,515699,15/10/2020,59.9,1201,7.2,43.5
50-64,162544,15/10/2020,18.9,3202,19.2,18.4
65+,91697,15/10/2020,10.6,12306,73.6,15.6
Missing,891,15/10/2020,0.1,1,0,0
0-17,91051,16/10/2020,10.5,2,0,22.5
18-49,517420,16/10/2020,59.9,1207,7.2,43.5
50-64,163077,16/10/2020,18.9,3216,19.2,18.4
65+,92027,16/10/2020,10.6,12364,73.6,15.6
Missing,880,16/10/2020,0.1,1,0,0
0-17,91471,17/10/2020,10.5,2,0,22.5
18-49,519066,17/10/2020,59.8,1212,7.2,43.5
50-64,163593,17/10/2020,18.9,3238,19.2,18.4
65+,92326,17/10/2020,10.6,12430,73.6,15.6
Missing,861,17/10/2020,0.1,1,0,0
0-17,91935,18/10/2020,10.6,2,0,22.5
18-49,521159,18/10/2020,59.8,1212,7.2,43.5
50-64,164194,18/10/2020,18.9,3243,19.2,18.4
65+,92643,18/10/2020,10.6,12436,73.6,15.6
Missing,860,18/10/2020,0.1,1,0,0
0-17,92375,19/10/2020,10.6,2,0,22.5
18-49,523072,19/10/2020,59.8,1216,7.2,43.5
50-64,164817,19/10/2020,18.9,3244,19.2,18.4
65+,92952,19/10/2020,10.6,12445,73.6,15.6
Missing,861,19/10/2020,0.1,1,0,0
0-17,92864,20/10/2020,10.6,2,0,22.5
18-49,525174,20/10/2020,59.8,1218,7.2,43.5
50-64,165568,20/10/2020,18.9,3255,19.2,18.4
65+,93333,20/10/2020,10.6,12511,73.7,15.6
Missing,845,20/10/2020,0.1,1,0,0
0-17,93249,21/10/2020,10.6,2,0,22.5
18-49,526820,21/10/2020,59.8,1229,7.2,43.5
50-64,166162,21/10/2020,18.9,3274,19.1,18.4
65+,93662,21/10/2020,10.6,12617,73.7,15.6
Missing,831,21/10/2020,0.1,1,0,0
0-17,94030,22/10/2020,10.6,2,0,22.5
18-49,530359,22/10/2020,59.8,1229,7.2,43.5
50-64,167321,22/10/2020,18.9,3283,19.1,18.4
65+,94321,22/10/2020,10.6,12670,73.7,15.6
Missing,834,22/10/2020,0.1,1,0,0
0-17,94896,23/10/2020,10.6,2,0,22.5
18-49,533822,23/10/2020,59.8,1229,7.1,43.5
50-64,168370,23/10/2020,18.9,3290,19.1,18.4
65+,94882,23/10/2020,10.6,12709,73.8,15.6
Missing,840,23/10/2020,0.1,1,0,0
0-17,95603,24/10/2020,10.6,2,0,22.5
18-49,536903,24/10/2020,59.8,1234,7.1,43.5
50-64,169336,24/10/2020,18.9,3305,19.1,18.4
65+,95336,24/10/2020,10.6,12744,73.7,15.6
Missing,851,24/10/2020,0.1,1,0,0
0-17,95990,25/10/2020,10.7,2,0,22.5
18-49,538674,25/10/2020,59.8,1236,7.1,43.5
50-64,169913,25/10/2020,18.9,3305,19.1,18.4
65+,95584,25/10/2020,10.6,12754,73.7,15.6
Missing,849,25/10/2020,0.1,1,0,0
0-17,96360,26/10/2020,10.7,2,0,22.5
18-49,540531,26/10/2020,59.8,1236,7.1,43.5
50-64,170563,26/10/2020,18.9,3307,19.1,18.4
65+,95901,26/10/2020,10.6,12767,73.7,15.6
Missing,843,26/10/2020,0.1,1,0,0
0-17,96978,27/10/2020,10.7,2,0,22.5
18-49,543262,27/10/2020,59.8,1252,7.2,43.5
50-64,171333,27/10/2020,18.9,3332,19.1,18.4
65+,96305,27/10/2020,10.6,12842,73.7,15.6
Missing,835,27/10/2020,0.1,1,0,0
0-17,97497,28/10/2020,10.7,2,0,22.5
18-49,545660,28/10/2020,59.8,1257,7.2,43.5
50-64,172094,28/10/2020,18.9,3342,19.1,18.4
65+,96800,28/10/2020,10.6,12900,73.7,15.6
Missing,853,28/10/2020,0.1,1,0,0
0-17,97994,29/10/2020,10.7,2,0,22.5
18-49,547963,29/10/2020,59.8,1258,7.2,43.5
50-64,172862,29/10/2020,18.9,3349,19.1,18.4
65+,97247,29/10/2020,10.6,12936,73.7,15.6
Missing,852,29/10/2020,0.1,2,0,0
0-17,98615,30/10/2020,10.7,2,0,22.5
18-49,550862,30/10/2020,59.7,1270,7.2,43.5
50-64,173917,30/10/2020,18.9,3359,19.1,18.4
65+,97764,30/10/2020,10.6,12972,73.7,15.6
Missing,847,30/10/2020,0.1,2,0,0
0-17,99123,31/10/2020,10.7,2,0,22.5
18-49,553578,31/10/2020,59.7,1273,7.2,43.5
50-64,174737,31/10/2020,18.9,3365,19.1,18.4
65+,98240,31/10/2020,10.6,13020,73.7,15.6
Missing,856,31/10/2020,0.1,2,0,0
